stage,student_question,completion_standard
Question,What exactly am I predicting?,Target variable and task type are written before modeling
Features,Which variables are allowed as model inputs?,Feature inventory records source unit transformation and leakage status
Split,What does my train/test split test?,Split design is chosen before model fitting
Baseline,What simple model must I beat?,Mean-only or majority-class baseline is reported
Model,What candidate model did I fit?,Formula algorithm training rows and test rows are documented
Metrics,How did the model perform on held-out rows?,Metrics match task type and are not training-only
Diagnostics,Where did the model fail?,Predictions residuals or confusion counts are inspected
Interpretation,What can I claim safely?,Model card includes limits and prohibited uses
Handoff,Can someone rerun this?,Scripts data outputs and session notes are saved
